data,time_start,time_stop,count_move,caps_num,size_rect,count_rect,screen
20200101,010101,010101,0,0.0,0,0,none
20200429,170700,173705,49634,1803346.6666666667,1760.5,15,20200429-170700-173705.jpg
20200429,173710,180715,52762,1809933.3333333335,2650.5,16,20200429-173710-180715.jpg
20200429,180720,183725,50864,1809933.3333333335,139085.0,32,20200429-180720-183725.jpg
20200429,183730,190735,37955,1809933.3333333335,73426.0,32,20200429-183730-190735.jpg
